{"chunk_definitions":[{"row":17,"row_count":1,"visible":true,"expansion_state":0,"options":{"engine":"r","label":"setup","include":false},"document_id":"324A446A","chunk_id":"csetup_chunk","chunk_label":"setup"},{"row":183,"row_count":1,"visible":true,"expansion_state":0,"options":{"engine":"r","cache":true,"include":true,"label":"unnamed-chunk-2"},"document_id":"324A446A","chunk_id":"c27d5np0nou0t","chunk_label":"unnamed-chunk-9"}],"doc_write_time":1601834051,"working_dir":null,"default_chunk_options":{"include":false}}